symbol,price,volume,timestamp
AAPL,312.51,48220390.0,1779926400
AAPL,310.85,50430920.0,1779840000
AAPL,308.33,48000490.0,1779753600
AAPL,308.82,43670220.0,1779408000
AAPL,304.99,42965130.0,1779321600
AAPL,302.25,38229840.0,1779235200
AAPL,298.97,42243560.0,1779148800
AAPL,297.84,34482960.0,1779062400
AAPL,300.23,54862840.0,1778803200
AAPL,298.21,35324920.0,1778716800
AAPL,298.87,52684260.0,1778630400
AAPL,294.80,45748130.0,1778544000
AAPL,292.68,42247290.0,1778457600
AAPL,293.32,52692760.0,1778198400
AAPL,287.44,45224300.0,1778112000
AAPL,287.51,58336070.0,1778025600
AAPL,284.18,49311710.0,1777939200
AAPL,276.83,46668400.0,1777852800
AAPL,280.14,79915440.0,1777593600
AAPL,271.35,91848230.0,1777507200
AAPL,270.17,30047870.0,1777420800
AAPL,270.71,40018940.0,1777334400
AAPL,267.61,41466760.0,1777248000
AAPL,271.06,38157110.0,1776988800
AAPL,273.43,33399640.0,1776902400
AAPL,273.17,43249200.0,1776816000
AAPL,266.17,50209760.0,1776729600
AAPL,273.05,36590170.0,1776643200
AAPL,270.23,61436230.0,1776384000
AAPL,263.40,43323110.0,1776297600
AAPL,266.43,49913510.0,1776211200
AAPL,258.83,48370710.0,1776124800
AAPL,259.20,36234700.0,1776038400
AAPL,260.48,31291470.0,1775779200
AAPL,260.49,28121570.0,1775692800
AAPL,258.90,41032770.0,1775606400
AAPL,253.50,62148010.0,1775520000
AAPL,258.86,29329910.0,1775433600
AAPL,255.92,31289370.0,1775088000
AAPL,255.63,40059430.0,1775001600
AAPL,253.79,49598090.0,1774915200
AAPL,246.63,39446210.0,1774828800
AAPL,248.80,47900000.0,1774569600
AAPL,252.89,41796650.0,1774483200
AAPL,252.62,28476670.0,1774396800
AAPL,251.64,45152290.0,1774310400
AAPL,251.49,40546110.0,1774224000
AAPL,247.99,88331080.0,1773964800
AAPL,248.96,34864080.0,1773878400
AAPL,249.94,35757870.0,1773792000
AAPL,254.23,32361610.0,1773705600
AAPL,252.82,32074210.0,1773619200
AAPL,250.12,36929990.0,1773360000
AAPL,255.76,40794020.0,1773273600
AAPL,260.81,26218930.0,1773187200
AAPL,260.83,30590770.0,1773100800
AAPL,259.88,38218530.0,1773014400
AAPL,257.46,41120040.0,1772755200
AAPL,260.29,49658630.0,1772668800
AAPL,262.52,39803120.0,1772582400
AAPL,263.75,38568920.0,1772496000
AAPL,264.72,41827950.0,1772409600
AAPL,264.18,72366510.0,1772150400
AAPL,272.95,32345110.0,1772064000
AAPL,274.23,33714340.0,1771977600
AAPL,272.14,47014620.0,1771891200
AAPL,266.18,37308160.0,1771804800
AAPL,264.58,42070500.0,1771545600
AAPL,260.58,30845290.0,1771459200
AAPL,264.35,34203340.0,1771372800
AAPL,263.88,58469090.0,1771286400
AAPL,255.78,56290670.0,1770940800
AAPL,261.73,81077230.0,1770854400
AAPL,275.50,51931280.0,1770768000
AAPL,273.68,34376900.0,1770681600
AAPL,274.62,44623400.0,1770595200
AAPL,278.12,50453410.0,1770336000
AAPL,275.91,52977440.0,1770249600
AAPL,276.49,90545710.0,1770163200
AAPL,269.48,64394660.0,1770076800
AAPL,270.01,73913430.0,1769990400
AAPL,259.48,92443410.0,1769731200
AAPL,258.28,67253010.0,1769644800
AAPL,256.44,41287970.0,1769558400
AAPL,258.27,49648270.0,1769472000
AAPL,255.41,55969230.0,1769385600
AAPL,248.04,41688980.0,1769126400
AAPL,248.35,39708340.0,1769040000
AAPL,247.65,54641730.0,1768953600
AAPL,246.70,80267520.0,1768867200
AAPL,255.53,72142770.0,1768521600
AAPL,258.21,39388560.0,1768435200
AAPL,259.96,40019420.0,1768348800
AAPL,261.05,45730850.0,1768262400
AAPL,260.25,45263770.0,1768176000
AAPL,259.37,39996970.0,1767916800
AAPL,259.04,50419340.0,1767830400
AAPL,260.33,48309800.0,1767744000
AAPL,262.36,52352090.0,1767657600
AAPL,267.26,45647190.0,1767571200
AAPL,271.01,37838050.0,1767312000
AAPL,271.86,27293640.0,1767139200
AAPL,273.08,22139620.0,1767052800
AAPL,273.76,23715210.0,1766966400
AAPL,273.40,21521800.0,1766707200
AAPL,273.81,17910570.0,1766534400
AAPL,272.36,29642000.0,1766448000
AAPL,270.97,36571830.0,1766361600
AAPL,273.67,144632000.0,1766102400
AAPL,272.19,51630720.0,1766016000
AAPL,271.84,50138740.0,1765929600
AAPL,274.61,37648630.0,1765843200
AAPL,274.11,50409080.0,1765756800
AAPL,278.28,39532890.0,1765497600
AAPL,278.03,33247990.0,1765411200
AAPL,278.78,33038320.0,1765324800
AAPL,277.18,32193260.0,1765238400
AAPL,277.89,38211830.0,1765152000
AAPL,278.78,47265850.0,1764892800
AAPL,280.70,43989060.0,1764806400
AAPL,284.15,43538690.0,1764720000
AAPL,286.19,53669530.0,1764633600
AAPL,283.10,46587720.0,1764547200
AAPL,278.85,20135620.0,1764288000
AAPL,277.55,33431420.0,1764115200
AAPL,276.97,46914220.0,1764028800
AAPL,275.92,65585800.0,1763942400
AAPL,271.49,59030830.0,1763683200
AAPL,266.25,45823570.0,1763596800
AAPL,268.56,40424490.0,1763510400
AAPL,267.44,45677280.0,1763424000
AAPL,267.46,45018260.0,1763337600
AAPL,272.41,47431330.0,1763078400
AAPL,272.95,49602790.0,1762992000
AAPL,273.47,48397980.0,1762905600
AAPL,275.25,46208320.0,1762819200
AAPL,269.43,41312410.0,1762732800
AAPL,268.47,48227370.0,1762473600
AAPL,269.77,51204050.0,1762387200
AAPL,270.14,43683070.0,1762300800
AAPL,270.04,49274850.0,1762214400
AAPL,269.05,50194580.0,1762128000
AAPL,270.37,86167120.0,1761868800
AAPL,271.40,69886530.0,1761782400
AAPL,269.70,51086740.0,1761696000
AAPL,269.00,41534760.0,1761609600
AAPL,268.81,44888150.0,1761523200
AAPL,262.82,38253720.0,1761264000
AAPL,259.58,32754940.0,1761177600
AAPL,258.45,45015250.0,1761091200
AAPL,262.77,46695950.0,1761004800
AAPL,262.24,90483030.0,1760918400
AAPL,252.29,49146960.0,1760659200
AAPL,247.45,39776970.0,1760572800
AAPL,249.34,33893610.0,1760486400
AAPL,247.77,35477990.0,1760400000
AAPL,247.66,38142940.0,1760313600
AAPL,245.27,61999100.0,1760054400
AAPL,254.04,38322010.0,1759968000
AAPL,258.06,36496900.0,1759881600
AAPL,256.48,31955780.0,1759795200
AAPL,256.69,44664120.0,1759708800
AAPL,258.02,49155610.0,1759449600
AAPL,257.13,42630240.0,1759363200
AAPL,255.45,48713940.0,1759276800
AAPL,254.63,37704260.0,1759190400
AAPL,254.43,40127690.0,1759104000
AAPL,255.46,46076260.0,1758844800
AAPL,256.87,55202080.0,1758758400
AAPL,252.31,42303710.0,1758672000
AAPL,254.43,60275190.0,1758585600
AAPL,256.08,105517400.0,1758499200
AAPL,245.50,163741300.0,1758240000
AAPL,237.88,44249580.0,1758153600
AAPL,238.99,46508020.0,1758067200
AAPL,238.15,63421100.0,1757980800
AAPL,236.70,42699520.0,1757894400
AAPL,234.07,55824220.0,1757635200
AAPL,230.03,50208580.0,1757548800
AAPL,226.79,83440810.0,1757462400
AAPL,234.35,66313920.0,1757376000
AAPL,237.88,48999500.0,1757289600
AAPL,239.69,54870400.0,1757030400
AAPL,239.78,47549430.0,1756944000
AAPL,238.47,66427840.0,1756857600
AAPL,229.72,44075640.0,1756771200
AAPL,232.14,39418440.0,1756425600
AAPL,232.56,38074700.0,1756339200
AAPL,230.49,31259510.0,1756252800
AAPL,229.31,54575110.0,1756166400
AAPL,227.16,30983130.0,1756080000
AAPL,227.76,42477810.0,1755820800
AAPL,224.90,30621250.0,1755734400
AAPL,226.01,42263870.0,1755648000
AAPL,230.56,39402560.0,1755561600
AAPL,230.89,37476190.0,1755475200
AAPL,231.59,56038660.0,1755216000
AAPL,232.78,51916280.0,1755129600
AAPL,233.33,69878550.0,1755043200
AAPL,229.65,55672300.0,1754956800
AAPL,227.18,61806130.0,1754870400
AAPL,229.35,113854000.0,1754611200
AAPL,220.03,90224830.0,1754524800
AAPL,213.25,108483100.0,1754438400
AAPL,202.92,44155080.0,1754352000
AAPL,203.35,75109300.0,1754265600
AAPL,202.38,104434500.0,1754006400
AAPL,207.57,80698430.0,1753920000
AAPL,209.05,45512510.0,1753833600
AAPL,211.27,51411720.0,1753747200
AAPL,214.05,37858020.0,1753660800
AAPL,213.88,40268780.0,1753401600
AAPL,213.76,46022620.0,1753315200
AAPL,214.15,46989300.0,1753228800
AAPL,214.40,46404070.0,1753142400
AAPL,212.48,51377430.0,1753056000
AAPL,211.18,48974590.0,1752796800
AAPL,210.02,48068140.0,1752710400
AAPL,210.16,47490530.0,1752624000
AAPL,209.11,42296340.0,1752537600
AAPL,208.62,38840110.0,1752451200
AAPL,211.16,39765810.0,1752192000
AAPL,212.41,44443640.0,1752105600
AAPL,211.14,48749370.0,1752019200
AAPL,210.01,42848930.0,1751932800
AAPL,209.95,50228980.0,1751846400
AAPL,213.55,34955840.0,1751500800
AAPL,212.44,67941810.0,1751414400
AAPL,207.82,78788870.0,1751328000
AAPL,205.17,91912820.0,1751241600
AAPL,201.08,73188570.0,1750982400
AAPL,201.00,50799120.0,1750896000
AAPL,201.56,39525730.0,1750809600
AAPL,200.30,54064030.0,1750723200
AAPL,201.50,55814270.0,1750636800
AAPL,201.00,96813540.0,1750377600
AAPL,196.58,45394690.0,1750204800
AAPL,195.64,38856150.0,1750118400
AAPL,198.42,43020690.0,1750032000
AAPL,196.45,51447350.0,1749772800
AAPL,199.20,43904640.0,1749686400
AAPL,198.78,60989860.0,1749600000
AAPL,202.67,54672610.0,1749513600
AAPL,201.45,72862560.0,1749427200
AAPL,203.92,46607690.0,1749168000
AAPL,200.63,55221240.0,1749081600
AAPL,202.82,43603990.0,1748995200
AAPL,203.27,46381570.0,1748908800
AAPL,201.70,35423290.0,1748822400
AAPL,200.85,70819940.0,1748563200
AAPL,199.95,51477940.0,1748476800
AAPL,200.42,45339680.0,1748390400
AAPL,200.21,56288480.0,1748304000
AAPL,195.27,78432920.0,1747958400
AAPL,201.36,46742410.0,1747872000
AAPL,202.09,59211770.0,1747785600
AAPL,206.86,42496640.0,1747699200
AAPL,208.78,46140530.0,1747612800
AAPL,211.26,54737850.0,1747353600
AAPL,211.45,45029470.0,1747267200
AAPL,212.33,49325830.0,1747180800
AAPL,212.93,51909330.0,1747094400
AAPL,210.79,63775810.0,1747008000
AAPL,198.53,36453920.0,1746748800
AAPL,197.49,50478870.0,1746662400
AAPL,196.25,68616940.0,1746576000
AAPL,198.51,51216480.0,1746489600
AAPL,198.89,69018450.0,1746403200
AAPL,205.35,101010600.0,1746144000
AAPL,213.32,57365680.0,1746057600
AAPL,212.50,52286450.0,1745971200
AAPL,211.21,36827630.0,1745884800
AAPL,210.14,38743070.0,1745798400
AAPL,209.28,38222260.0,1745539200
AAPL,208.37,47310990.0,1745452800
AAPL,204.60,52929170.0,1745366400
AAPL,199.74,52976370.0,1745280000
AAPL,193.16,46742540.0,1745193600
AAPL,196.98,52164680.0,1744848000
AAPL,194.27,59732420.0,1744761600
AAPL,202.14,51343870.0,1744675200
AAPL,202.52,101352900.0,1744588800
AAPL,198.15,87435920.0,1744329600
AAPL,190.42,121880000.0,1744243200
AAPL,198.85,184395900.0,1744156800
AAPL,172.42,120859500.0,1744070400
AAPL,181.46,160466300.0,1743984000
AAPL,188.38,125910900.0,1743724800
AAPL,203.19,103419000.0,1743638400
AAPL,223.89,35905900.0,1743552000
AAPL,223.19,36412740.0,1743465600
AAPL,222.13,65299320.0,1743379200
AAPL,217.90,39818620.0,1743120000
AAPL,223.85,37094770.0,1743033600
AAPL,221.53,34532660.0,1742947200
AAPL,223.75,34493580.0,1742860800
AAPL,220.73,44299480.0,1742774400
AAPL,218.27,94127770.0,1742515200
AAPL,214.10,48862950.0,1742428800
AAPL,215.24,54385390.0,1742342400
AAPL,212.69,42432430.0,1742256000
AAPL,214.00,48073430.0,1742169600
AAPL,213.49,60107580.0,1741910400
AAPL,209.68,61368330.0,1741824000
AAPL,216.98,62547470.0,1741737600
AAPL,220.84,76137410.0,1741651200
AAPL,227.48,72071200.0,1741564800
AAPL,239.07,46273570.0,1741305600
AAPL,235.33,45170420.0,1741219200
AAPL,235.74,47227640.0,1741132800
AAPL,235.93,53798060.0,1741046400
AAPL,238.03,47183990.0,1740960000
AAPL,241.84,56833360.0,1740700800
AAPL,237.30,41153640.0,1740614400
AAPL,240.36,44433560.0,1740528000
AAPL,247.04,48013270.0,1740441600
AAPL,247.10,51326400.0,1740355200
AAPL,245.55,53197430.0,1740096000
AAPL,245.83,32316910.0,1740009600
AAPL,244.87,32204220.0,1739923200
AAPL,244.47,48822490.0,1739836800
AAPL,244.60,40896230.0,1739491200
AAPL,241.53,53614050.0,1739404800
AAPL,236.87,45243290.0,1739318400
AAPL,232.62,53718360.0,1739232000
AAPL,227.65,33115650.0,1739145600
AAPL,227.63,39707220.0,1738886400
AAPL,233.22,29925350.0,1738800000
AAPL,232.47,39664990.0,1738713600
AAPL,232.80,45067300.0,1738627200
AAPL,228.01,73063300.0,1738540800
AAPL,236.00,101075100.0,1738281600
AAPL,237.59,55658280.0,1738195200
AAPL,239.36,45486100.0,1738108800
AAPL,238.26,75707570.0,1738022400
AAPL,229.86,94863420.0,1737936000
AAPL,222.78,54697910.0,1737676800
AAPL,223.66,60234760.0,1737590400
AAPL,223.83,64126500.0,1737504000
AAPL,222.64,98070430.0,1737417600
AAPL,229.98,68488300.0,1737072000
AAPL,228.26,71759050.0,1736985600
AAPL,237.87,39831970.0,1736899200
AAPL,233.28,39435290.0,1736812800
AAPL,234.40,49630730.0,1736726400
AAPL,236.85,61710860.0,1736467200
AAPL,242.70,37628940.0,1736294400
AAPL,242.21,40855960.0,1736208000
AAPL,245.00,45045570.0,1736121600
AAPL,243.36,40244110.0,1735862400
AAPL,243.85,55740730.0,1735776000
AAPL,250.42,39480720.0,1735603200
AAPL,252.20,35557540.0,1735516800
AAPL,255.59,42355320.0,1735257600
AAPL,259.02,27262980.0,1735171200
AAPL,258.20,23234710.0,1734998400
AAPL,255.27,40858770.0,1734912000
AAPL,254.49,147495300.0,1734652800
AAPL,249.79,60882260.0,1734566400
AAPL,248.05,56774100.0,1734480000
AAPL,253.48,51356360.0,1734393600
AAPL,251.04,51694750.0,1734307200
AAPL,248.13,33155290.0,1734048000
AAPL,247.96,32777530.0,1733961600
AAPL,246.49,45205810.0,1733875200
AAPL,247.77,36914810.0,1733788800
AAPL,246.75,44649230.0,1733702400
AAPL,242.84,36870620.0,1733443200
AAPL,243.04,40033880.0,1733356800
AAPL,243.01,44383940.0,1733270400
AAPL,242.65,38861020.0,1733184000
AAPL,239.59,48137100.0,1733097600
AAPL,237.33,28481380.0,1732838400
AAPL,234.93,33498440.0,1732665600
AAPL,235.06,45986190.0,1732579200
AAPL,232.87,90152830.0,1732492800
AAPL,229.87,38168250.0,1732233600
AAPL,228.52,42108330.0,1732147200
AAPL,229.00,35169570.0,1732060800
AAPL,228.28,36211770.0,1731974400
AAPL,228.02,44686020.0,1731888000
AAPL,225.00,47923700.0,1731628800
AAPL,228.22,44923940.0,1731542400
AAPL,225.12,48566220.0,1731456000
AAPL,224.23,40398300.0,1731369600
AAPL,224.23,42005600.0,1731283200
AAPL,226.96,38328820.0,1731024000
AAPL,227.48,42137690.0,1730937600
AAPL,222.72,54561120.0,1730851200
AAPL,223.45,28111340.0,1730764800
AAPL,222.01,44944470.0,1730678400
AAPL,222.91,65276740.0,1730419200
AAPL,225.91,64370090.0,1730332800
AAPL,230.10,47070910.0,1730246400
AAPL,233.67,35417250.0,1730160000
AAPL,233.40,36087130.0,1730073600
AAPL,231.41,38802300.0,1729814400
AAPL,230.57,31109500.0,1729728000
AAPL,230.76,52286980.0,1729641600
AAPL,235.86,38846580.0,1729555200
AAPL,236.48,36254470.0,1729468800
AAPL,235.00,46431470.0,1729209600
AAPL,232.15,32993810.0,1729123200
AAPL,231.78,34082240.0,1729036800
AAPL,233.85,64751370.0,1728950400
AAPL,231.30,39882090.0,1728864000
AAPL,227.55,31759190.0,1728604800
AAPL,229.04,28183540.0,1728518400
AAPL,229.54,33591090.0,1728432000
AAPL,225.77,31855690.0,1728345600
AAPL,221.69,39505350.0,1728259200
AAPL,226.80,37345100.0,1728000000
AAPL,225.67,34044160.0,1727913600
AAPL,226.78,32880610.0,1727827200
AAPL,226.21,63285050.0,1727740800
AAPL,233.00,54793390.0,1727654400
AAPL,227.79,34025970.0,1727395200
AAPL,227.52,36636710.0,1727308800
AAPL,226.37,42308720.0,1727222400
AAPL,227.37,43556070.0,1727136000
AAPL,226.47,54146020.0,1727049600
AAPL,228.20,318679900.0,1726790400
AAPL,228.87,66781320.0,1726704000
AAPL,220.69,59894930.0,1726617600
AAPL,216.79,45519340.0,1726531200
AAPL,216.32,59357430.0,1726444800
AAPL,222.50,36766620.0,1726185600
AAPL,222.77,37498230.0,1726099200
AAPL,222.66,44587070.0,1726012800
AAPL,220.11,51591030.0,1725926400
AAPL,220.91,67179970.0,1725840000
AAPL,220.82,48423010.0,1725580800
AAPL,222.38,36615400.0,1725494400
AAPL,220.85,43840200.0,1725408000
AAPL,222.77,50190570.0,1725321600
AAPL,229.00,52990770.0,1724976000
AAPL,229.79,51906300.0,1724889600
AAPL,226.49,38052170.0,1724803200
AAPL,228.03,35934560.0,1724716800
AAPL,227.18,30602210.0,1724630400
AAPL,226.84,38677250.0,1724371200
AAPL,224.53,43695320.0,1724284800
AAPL,226.40,34765480.0,1724198400
AAPL,226.51,30299030.0,1724112000
AAPL,225.89,40687810.0,1724025600
AAPL,226.05,44340240.0,1723766400
AAPL,224.72,46414010.0,1723680000
AAPL,221.72,41960570.0,1723593600
AAPL,221.27,44155330.0,1723507200
AAPL,217.53,38028090.0,1723420800
AAPL,216.24,42201650.0,1723161600
AAPL,213.31,47161150.0,1723075200
AAPL,209.82,63516420.0,1722988800
AAPL,207.23,69660490.0,1722902400
AAPL,209.27,119548600.0,1722816000
AAPL,219.86,105568600.0,1722556800
AAPL,218.36,62501000.0,1722470400
AAPL,222.08,50036260.0,1722384000
AAPL,218.80,41643840.0,1722297600
AAPL,218.24,36311780.0,1722211200
AAPL,217.96,41601350.0,1721952000
AAPL,217.49,51391200.0,1721865600
AAPL,218.54,61777580.0,1721779200
AAPL,225.01,39960260.0,1721692800
AAPL,223.96,48201840.0,1721606400
AAPL,224.31,49151450.0,1721347200
AAPL,224.18,66034590.0,1721260800
AAPL,228.88,57345880.0,1721174400
AAPL,234.82,43234280.0,1721088000
AAPL,234.40,62631250.0,1721001600
AAPL,230.54,53046530.0,1720742400
AAPL,227.57,64710620.0,1720656000
AAPL,232.98,62627690.0,1720569600
AAPL,228.68,48169820.0,1720483200
AAPL,227.82,59085860.0,1720396800
AAPL,226.34,60412410.0,1720137600
AAPL,221.55,37369800.0,1719964800
AAPL,220.27,58046180.0,1719878400
AAPL,216.75,60402930.0,1719792000
AAPL,210.62,82542720.0,1719532800
AAPL,214.10,49772710.0,1719446400
AAPL,213.25,66213190.0,1719360000
AAPL,209.07,56713870.0,1719273600
AAPL,208.14,80727010.0,1719187200
AAPL,207.49,246421400.0,1718928000
AAPL,209.68,86172450.0,1718841600
AAPL,214.29,79943250.0,1718668800
AAPL,216.67,93728300.0,1718582400
AAPL,212.49,70122750.0,1718323200
AAPL,214.24,97862730.0,1718236800
AAPL,213.07,198134300.0,1718150400
AAPL,207.15,172373300.0,1718064000
AAPL,193.12,97262080.0,1717977600
AAPL,196.89,53103910.0,1717718400
AAPL,194.48,41181750.0,1717632000
AAPL,195.87,54156790.0,1717545600
AAPL,194.35,47471450.0,1717459200
AAPL,194.03,50080540.0,1717372800
AAPL,192.25,75158280.0,1717113600
AAPL,191.29,49947940.0,1717027200
AAPL,190.29,53068020.0,1716940800
AAPL,189.99,52280050.0,1716854400
AAPL,189.98,36326980.0,1716508800
AAPL,186.88,51005920.0,1716422400
AAPL,190.90,34648550.0,1716336000
AAPL,192.35,42309400.0,1716249600
AAPL,191.04,44361280.0,1716163200
AAPL,189.87,41282930.0,1715904000
AAPL,189.84,52845230.0,1715817600
AAPL,189.72,70399990.0,1715731200
AAPL,187.43,52393620.0,1715644800
AAPL,186.28,72044810.0,1715558400
AAPL,183.05,50759500.0,1715299200
AAPL,184.57,48982970.0,1715212800
AAPL,182.74,45057090.0,1715126400
AAPL,182.40,77305770.0,1715040000
AAPL,181.71,78569670.0,1714953600
AAPL,183.38,163224100.0,1714694400
AAPL,173.03,94214920.0,1714608000
AAPL,169.30,50383150.0,1714521600
AAPL,170.33,65934780.0,1714435200
AAPL,173.50,68169420.0,1714348800
AAPL,169.30,44838350.0,1714089600
AAPL,169.89,50558330.0,1714003200
AAPL,169.02,48251840.0,1713916800
AAPL,166.90,49537760.0,1713830400
AAPL,165.84,48116440.0,1713744000
AAPL,165.00,68149380.0,1713484800
AAPL,167.04,43122900.0,1713398400
AAPL,168.00,50901210.0,1713312000
AAPL,169.38,73711240.0,1713225600
AAPL,172.69,73531770.0,1713139200
AAPL,176.55,101670900.0,1712880000
AAPL,175.04,91070280.0,1712793600
AAPL,167.78,49709340.0,1712707200
AAPL,169.67,42451210.0,1712620800
AAPL,168.45,37425510.0,1712534400
AAPL,169.58,42104830.0,1712275200
AAPL,168.82,53704390.0,1712188800
AAPL,169.65,47691720.0,1712102400
AAPL,168.84,49329480.0,1712016000
AAPL,170.03,46240500.0,1711929600
AAPL,171.48,65672690.0,1711584000
AAPL,173.31,60273270.0,1711497600
AAPL,169.71,57388450.0,1711411200
AAPL,170.85,54288330.0,1711324800
AAPL,172.28,71160140.0,1711065600
AAPL,171.37,106181300.0,1710979200
AAPL,178.67,53423100.0,1710892800
AAPL,176.08,55215240.0,1710806400
AAPL,173.72,75604180.0,1710720000
AAPL,172.62,121752700.0,1710460800
AAPL,173.00,72913510.0,1710374400
AAPL,171.13,52488690.0,1710288000
AAPL,173.23,59825370.0,1710201600
AAPL,172.75,60139470.0,1710115200
AAPL,170.73,76267040.0,1709856000
AAPL,169.00,71765060.0,1709769600
AAPL,169.12,68587710.0,1709683200
AAPL,170.12,95132360.0,1709596800
AAPL,175.10,81510100.0,1709510400
AAPL,179.66,73563080.0,1709251200
AAPL,180.75,136682600.0,1709164800
AAPL,181.42,48953940.0,1709078400
AAPL,182.63,54318850.0,1708992000
AAPL,181.16,40867420.0,1708905600
AAPL,182.52,45119680.0,1708646400
AAPL,184.37,52292210.0,1708560000
AAPL,182.32,41529670.0,1708473600
AAPL,181.56,53665550.0,1708387200
AAPL,182.31,49752470.0,1708041600
AAPL,183.86,65434500.0,1707955200
AAPL,184.15,54630520.0,1707868800
AAPL,185.04,56529530.0,1707782400
AAPL,187.15,41781930.0,1707696000
AAPL,188.85,45155220.0,1707436800
AAPL,188.32,40962050.0,1707350400
AAPL,189.41,53438960.0,1707264000
AAPL,189.30,43490760.0,1707177600
AAPL,187.68,69668820.0,1707091200
AAPL,185.85,102551700.0,1706832000
AAPL,186.86,64885410.0,1706745600
AAPL,184.40,55467800.0,1706659200
AAPL,188.04,55859370.0,1706572800
AAPL,191.73,47145620.0,1706486400
AAPL,192.42,44594010.0,1706227200
AAPL,194.17,54822130.0,1706140800
AAPL,194.50,53631320.0,1706054400
AAPL,195.18,42355590.0,1705968000
AAPL,193.89,60133850.0,1705881600
AAPL,191.56,68902990.0,1705622400
AAPL,188.63,78005750.0,1705536000
AAPL,182.68,47317430.0,1705449600
AAPL,183.63,65603040.0,1705363200
AAPL,185.92,40477780.0,1705017600
AAPL,185.59,49128410.0,1704931200
AAPL,186.19,46792910.0,1704844800
AAPL,185.14,42841810.0,1704758400
AAPL,185.56,59144470.0,1704672000
AAPL,181.18,62379660.0,1704412800
AAPL,181.91,71983570.0,1704326400
AAPL,184.25,58414460.0,1704240000
AAPL,185.64,82488670.0,1704153600
AAPL,192.53,42672150.0,1703808000
AAPL,193.58,34049900.0,1703721600
AAPL,193.15,48087680.0,1703635200
AAPL,193.05,28919310.0,1703548800
AAPL,193.60,37149570.0,1703203200
AAPL,194.68,46482550.0,1703116800
AAPL,194.83,52242820.0,1703030400
AAPL,196.94,40714050.0,1702944000
AAPL,195.89,55751860.0,1702857600
AAPL,197.57,128538400.0,1702598400
AAPL,198.11,66831570.0,1702512000
AAPL,197.96,70404180.0,1702425600
AAPL,194.71,52696900.0,1702339200
AAPL,193.18,60943700.0,1702252800
AAPL,195.71,53406360.0,1701993600
AAPL,194.27,47477660.0,1701907200
AAPL,192.32,41089740.0,1701820800
AAPL,193.42,66628400.0,1701734400
AAPL,189.43,43389520.0,1701648000
AAPL,191.24,45704820.0,1701388800
AAPL,189.95,48794370.0,1701302400
AAPL,189.37,43014220.0,1701216000
AAPL,190.40,38415420.0,1701129600
AAPL,189.79,40552610.0,1701043200
AAPL,189.97,24048340.0,1700784000
AAPL,191.31,39630010.0,1700611200
AAPL,190.64,38134490.0,1700524800
AAPL,191.45,46538610.0,1700438400
AAPL,189.69,50941400.0,1700179200
AAPL,189.71,54412920.0,1700092800
AAPL,188.01,53790500.0,1700006400
AAPL,187.44,60108380.0,1699920000
AAPL,184.80,43627520.0,1699833600
AAPL,186.40,66177920.0,1699574400
AAPL,182.41,53763540.0,1699488000
AAPL,182.89,49340280.0,1699401600
AAPL,181.82,70529970.0,1699315200
AAPL,179.23,63841310.0,1699228800
AAPL,176.65,79829250.0,1698969600
AAPL,177.57,77334750.0,1698883200
AAPL,173.97,56934910.0,1698796800
AAPL,170.77,44846020.0,1698710400
AAPL,170.29,51130960.0,1698624000
AAPL,168.22,58499130.0,1698364800
AAPL,166.89,70625260.0,1698278400
AAPL,171.10,57156960.0,1698192000
AAPL,173.44,43816640.0,1698105600
AAPL,173.00,55980110.0,1698019200
AAPL,172.88,64244030.0,1697760000
AAPL,175.46,59302860.0,1697673600
AAPL,175.84,54764380.0,1697587200
AAPL,177.15,57549350.0,1697500800
AAPL,178.72,52516980.0,1697414400
AAPL,178.85,51456080.0,1697155200
AAPL,180.71,56743120.0,1697068800
AAPL,179.80,47551100.0,1696982400
AAPL,178.39,43698020.0,1696896000
AAPL,178.99,42390770.0,1696809600
AAPL,177.49,57266680.0,1696550400
AAPL,174.91,48527920.0,1696464000
AAPL,173.66,53020290.0,1696377600
AAPL,172.40,49594610.0,1696291200
AAPL,173.75,52164540.0,1696204800
AAPL,171.21,51861080.0,1695945600
AAPL,170.69,56294420.0,1695859200
AAPL,170.43,66921810.0,1695772800
AAPL,171.96,64588950.0,1695686400
AAPL,176.08,46172740.0,1695600000
AAPL,174.79,56725390.0,1695340800
AAPL,173.93,63149120.0,1695254400
AAPL,175.49,58436180.0,1695168000
AAPL,179.07,51826940.0,1695081600
AAPL,177.97,67257570.0,1694995200
AAPL,175.01,109259500.0,1694736000
AAPL,175.74,60895760.0,1694649600
AAPL,174.21,84267930.0,1694563200
AAPL,176.30,90370190.0,1694476800
AAPL,179.36,58953050.0,1694390400
AAPL,178.18,65602070.0,1694131200
AAPL,177.56,112488800.0,1694044800
AAPL,182.91,81755820.0,1693958400
AAPL,189.70,45280030.0,1693872000
AAPL,189.46,45766500.0,1693526400
AAPL,187.87,60794470.0,1693440000
AAPL,187.65,60813890.0,1693353600
AAPL,184.12,53003950.0,1693267200
AAPL,180.19,43820700.0,1693180800
AAPL,178.61,51449590.0,1692921600
AAPL,176.38,54945800.0,1692835200
AAPL,181.12,52722750.0,1692748800
AAPL,177.23,42084250.0,1692662400
AAPL,175.84,46311880.0,1692576000
AAPL,174.49,61172150.0,1692316800
AAPL,174.00,66062880.0,1692230400
AAPL,176.57,46964860.0,1692144000
AAPL,177.45,43622590.0,1692057600
AAPL,179.46,43675630.0,1691971200
AAPL,177.79,52036670.0,1691712000
AAPL,177.97,54686850.0,1691625600
AAPL,178.19,60378490.0,1691539200
AAPL,179.80,67823000.0,1691452800
AAPL,178.85,97576070.0,1691366400
AAPL,181.99,115956800.0,1691107200
AAPL,191.17,62243280.0,1691020800
AAPL,192.58,50389330.0,1690934400
AAPL,195.605,35281430.0,1690848000
AAPL,196.45,38824110.0,1690761600
AAPL,195.83,48291440.0,1690502400
AAPL,193.22,47460180.0,1690416000
AAPL,194.50,47471870.0,1690329600
AAPL,193.62,37283200.0,1690243200
AAPL,192.75,45505100.0,1690156800
AAPL,191.94,71951680.0,1689897600
AAPL,193.13,59581200.0,1689811200
AAPL,195.10,80507320.0,1689724800
AAPL,193.73,48353770.0,1689638400
AAPL,193.99,50520160.0,1689552000
AAPL,190.69,41616240.0,1689292800
AAPL,190.54,41342340.0,1689206400
AAPL,189.77,60750250.0,1689120000
AAPL,188.08,46638120.0,1689033600
AAPL,188.61,59922160.0,1688947200
AAPL,190.68,46815000.0,1688688000
AAPL,191.81,45156010.0,1688601600
AAPL,191.33,46920260.0,1688515200
AAPL,192.46,31346600.0,1688342400
AAPL,193.97,85213220.0,1688083200
AAPL,189.59,46347310.0,1687996800
AAPL,189.25,51216800.0,1687910400
AAPL,188.06,50730850.0,1687824000
AAPL,185.27,48088660.0,1687737600
AAPL,186.68,53117000.0,1687478400
AAPL,187.00,51245330.0,1687392000
AAPL,183.96,49515700.0,1687305600
AAPL,185.01,49799090.0,1687219200
AAPL,184.92,101256200.0,1686873600
AAPL,186.01,65433170.0,1686787200
AAPL,183.95,57462880.0,1686700800
AAPL,183.31,54929130.0,1686614400
AAPL,183.79,54755000.0,1686528000
AAPL,180.96,48899970.0,1686268800
AAPL,180.57,50214880.0,1686182400
AAPL,177.82,61944620.0,1686096000
AAPL,179.21,64848370.0,1686009600
AAPL,179.58,121946500.0,1685923200
AAPL,180.95,61996910.0,1685664000
AAPL,180.09,68901810.0,1685577600
AAPL,177.25,99625290.0,1685491200
AAPL,177.30,55964400.0,1685404800
AAPL,175.43,54834980.0,1685059200
AAPL,172.99,56058260.0,1684972800
AAPL,171.84,45143490.0,1684886400
AAPL,171.56,50747260.0,1684800000
AAPL,174.20,43570930.0,1684713600
AAPL,175.16,55809480.0,1684454400
AAPL,175.05,65496660.0,1684368000
AAPL,172.69,57951600.0,1684281600
AAPL,172.07,42110290.0,1684195200
AAPL,172.07,37266660.0,1684108800
AAPL,172.57,45533140.0,1683849600
AAPL,173.75,49514680.0,1683763200
AAPL,173.555,53724500.0,1683676800
AAPL,171.77,45326870.0,1683590400
AAPL,173.50,55962790.0,1683504000
AAPL,173.57,113453200.0,1683244800
AAPL,165.79,81235430.0,1683158400
AAPL,167.45,65136020.0,1683072000
AAPL,168.54,48425700.0,1682985600
AAPL,169.59,52472940.0,1682899200
AAPL,169.68,55275850.0,1682640000
AAPL,168.41,64902330.0,1682553600
AAPL,163.76,45498800.0,1682467200
AAPL,163.77,48714060.0,1682380800
AAPL,165.33,41949580.0,1682294400
AAPL,165.02,58337340.0,1682035200
AAPL,166.65,52456380.0,1681948800
AAPL,167.63,47720170.0,1681862400
AAPL,166.47,49923010.0,1681776000
AAPL,165.23,41516220.0,1681689600
AAPL,165.21,49386480.0,1681430400
AAPL,165.56,68445650.0,1681344000
AAPL,160.10,50133060.0,1681257600
AAPL,160.80,47644220.0,1681171200
AAPL,162.03,47716880.0,1681084800
AAPL,164.66,45390120.0,1680739200
AAPL,163.76,51511740.0,1680652800
AAPL,165.63,46278300.0,1680566400
AAPL,166.17,56976190.0,1680480000
AAPL,164.90,68749790.0,1680220800
AAPL,162.36,49501690.0,1680134400
AAPL,160.77,51305690.0,1680048000
AAPL,157.65,45992150.0,1679961600
AAPL,158.28,52390270.0,1679875200
AAPL,160.25,59256340.0,1679616000
AAPL,158.93,67622060.0,1679529600
AAPL,157.83,75701810.0,1679443200
AAPL,159.28,73938290.0,1679356800
AAPL,157.40,73641420.0,1679270400
AAPL,155.00,98944630.0,1679011200
AAPL,155.85,76254420.0,1678924800
AAPL,152.99,77167870.0,1678838400
AAPL,152.59,73695890.0,1678752000
AAPL,150.47,84457120.0,1678665600
AAPL,148.50,68572400.0,1678406400
AAPL,150.59,53833580.0,1678320000
AAPL,152.87,47204790.0,1678233600
AAPL,151.60,56182030.0,1678147200
AAPL,153.83,87558030.0,1678060800
AAPL,151.03,70732300.0,1677801600
AAPL,145.91,52279760.0,1677715200
AAPL,145.31,55478990.0,1677628800
AAPL,147.41,50547000.0,1677542400
AAPL,147.92,44998470.0,1677456000
AAPL,146.71,55469610.0,1677196800
AAPL,149.40,48394250.0,1677110400
AAPL,148.91,51011310.0,1677024000
AAPL,148.48,58867230.0,1676937600
AAPL,152.55,59144120.0,1676592000
AAPL,153.71,68167940.0,1676505600
AAPL,155.33,65669250.0,1676419200
AAPL,153.20,61707570.0,1676332800
AAPL,153.85,62199010.0,1676246400
AAPL,151.01,57450710.0,1675987200
AAPL,150.87,56007140.0,1675900800
AAPL,151.92,64120080.0,1675814400
AAPL,154.65,83322550.0,1675728000
AAPL,151.73,69858310.0,1675641600
AAPL,154.50,154357300.0,1675382400
AAPL,150.82,118339000.0,1675296000
AAPL,145.43,77663630.0,1675209600
AAPL,144.29,65874460.0,1675123200
AAPL,143.00,64015270.0,1675036800
AAPL,145.93,70555840.0,1674777600
AAPL,143.96,54105070.0,1674691200
AAPL,141.86,65799350.0,1674604800
AAPL,142.53,66435140.0,1674518400
AAPL,141.11,81760310.0,1674432000
AAPL,137.87,80223630.0,1674172800
AAPL,135.27,58280410.0,1674086400
AAPL,135.21,69672800.0,1674000000
AAPL,135.94,63646630.0,1673913600
AAPL,134.76,57809720.0,1673568000
AAPL,133.41,71379650.0,1673481600
AAPL,133.49,69458950.0,1673395200
AAPL,130.73,63896160.0,1673308800
AAPL,130.15,70790810.0,1673222400
AAPL,129.62,87754720.0,1672963200
AAPL,125.02,80962710.0,1672876800
AAPL,126.36,89113630.0,1672790400
AAPL,125.07,112117500.0,1672704000
AAPL,129.93,77034210.0,1672358400
AAPL,129.61,75703710.0,1672272000
AAPL,126.04,85438390.0,1672185600
AAPL,130.03,69007830.0,1672099200
AAPL,131.86,63814890.0,1671753600
AAPL,132.23,77852110.0,1671667200
AAPL,135.45,85927990.0,1671580800
AAPL,132.30,77432820.0,1671494400
AAPL,132.37,79592610.0,1671408000
AAPL,134.51,160156900.0,1671148800
AAPL,136.50,98931910.0,1671062400
AAPL,143.21,82291180.0,1670976000
AAPL,145.47,93886160.0,1670889600
AAPL,144.49,70462650.0,1670803200
AAPL,142.16,76097010.0,1670544000
AAPL,142.65,62128340.0,1670457600
AAPL,140.94,69721090.0,1670371200
AAPL,142.91,64727190.0,1670284800
AAPL,146.63,68826440.0,1670198400
AAPL,147.81,65447450.0,1669939200
AAPL,148.31,71250420.0,1669852800
AAPL,148.03,111380900.0,1669766400
AAPL,141.17,83763800.0,1669680000
AAPL,144.22,69346520.0,1669593600
AAPL,148.11,35195860.0,1669334400
AAPL,151.07,58301400.0,1669161600
AAPL,150.18,51804130.0,1669075200
AAPL,148.01,58724070.0,1668988800
AAPL,151.29,74829570.0,1668729600
AAPL,150.72,80389400.0,1668643200
AAPL,148.79,64218270.0,1668556800
AAPL,150.04,89868330.0,1668470400
AAPL,148.28,73374110.0,1668384000
AAPL,149.70,93979670.0,1668124800
AAPL,146.87,118854000.0,1668038400
AAPL,134.87,74917790.0,1667952000
AAPL,139.50,89908480.0,1667865600
AAPL,138.92,83374630.0,1667779200
AAPL,138.38,140814800.0,1667520000
AAPL,138.88,97918520.0,1667433600
AAPL,145.03,93604620.0,1667347200
AAPL,150.65,80379350.0,1667260800
AAPL,153.34,97943170.0,1667174400
AAPL,155.74,164762400.0,1666915200
AAPL,144.80,109180200.0,1666828800
AAPL,149.35,88436170.0,1666742400
AAPL,152.34,74732290.0,1666656000
AAPL,149.45,75981920.0,1666569600
AAPL,147.27,86548610.0,1666310400
AAPL,143.39,64521990.0,1666224000
AAPL,143.86,61758340.0,1666137600
AAPL,143.75,99136610.0,1666051200
AAPL,142.41,85250940.0,1665964800
AAPL,138.38,88597970.0,1665705600
AAPL,142.99,113224000.0,1665619200
AAPL,138.34,70433740.0,1665532800
AAPL,138.98,77033670.0,1665446400
AAPL,140.42,74899000.0,1665360000
AAPL,140.09,85925560.0,1665100800
AAPL,145.43,68402170.0,1665014400
AAPL,146.40,79470970.0,1664928000
AAPL,146.10,87830060.0,1664841600
AAPL,142.45,114311700.0,1664755200
AAPL,138.20,124925300.0,1664496000
AAPL,142.48,128138200.0,1664409600
AAPL,149.84,146691400.0,1664323200
AAPL,151.76,84442740.0,1664236800
AAPL,150.77,93339410.0,1664150400
AAPL,150.43,96029910.0,1663891200
AAPL,152.74,86652540.0,1663804800
AAPL,153.72,101696800.0,1663718400
AAPL,156.90,107689800.0,1663632000
AAPL,154.48,81474250.0,1663545600
AAPL,150.70,162278800.0,1663286400
AAPL,152.37,90481110.0,1663200000
AAPL,155.31,87965410.0,1663113600
AAPL,153.84,122656600.0,1663027200
AAPL,163.43,104956000.0,1662940800
AAPL,157.37,68081010.0,1662681600
AAPL,154.46,84923850.0,1662595200
AAPL,155.96,87449570.0,1662508800
AAPL,154.53,73714840.0,1662422400
AAPL,155.81,76957770.0,1662076800
AAPL,157.96,74229900.0,1661990400
AAPL,157.22,87991090.0,1661904000
AAPL,158.91,77906200.0,1661817600
AAPL,161.38,73313950.0,1661731200
AAPL,163.62,78960980.0,1661472000
AAPL,170.03,51218210.0,1661385600
AAPL,167.53,53841520.0,1661299200
AAPL,167.23,54147080.0,1661212800
AAPL,167.57,69026810.0,1661126400
AAPL,171.52,70346300.0,1660867200
AAPL,174.15,62290080.0,1660780800
AAPL,174.55,79542040.0,1660694400
AAPL,173.03,56377050.0,1660608000
AAPL,173.19,54091690.0,1660521600
AAPL,172.10,68039380.0,1660262400
AAPL,168.49,57149160.0,1660176000
AAPL,169.24,70170540.0,1660089600
AAPL,164.92,63135500.0,1660003200
AAPL,164.87,60362340.0,1659916800
AAPL,165.35,56696990.0,1659657600
AAPL,165.81,55474140.0,1659571200
AAPL,166.13,82507490.0,1659484800
AAPL,160.01,59907030.0,1659398400
AAPL,161.51,67829380.0,1659312000
AAPL,162.51,101786900.0,1659052800
AAPL,157.35,81378730.0,1658966400
AAPL,156.79,78620690.0,1658880000
AAPL,151.60,55138690.0,1658793600
AAPL,152.95,53623950.0,1658707200
AAPL,154.09,66675410.0,1658448000
AAPL,155.35,65086640.0,1658361600
AAPL,153.04,64823410.0,1658275200
AAPL,151.00,82982370.0,1658188800
AAPL,147.07,81420870.0,1658102400
AAPL,150.17,76259930.0,1657843200
AAPL,148.47,78140740.0,1657756800
AAPL,145.49,71185560.0,1657670400
AAPL,145.86,77588760.0,1657584000
AAPL,144.87,63305110.0,1657497600
AAPL,147.04,64547800.0,1657238400
AAPL,146.35,66253710.0,1657152000
AAPL,142.92,74064250.0,1657065600
AAPL,141.56,73429640.0,1656979200
AAPL,138.93,71051550.0,1656633600
AAPL,136.72,98964470.0,1656547200
AAPL,139.23,66242410.0,1656460800
AAPL,137.44,67315330.0,1656374400
AAPL,141.66,70207910.0,1656288000
AAPL,141.66,89116840.0,1656028800
AAPL,138.27,72433770.0,1655942400
AAPL,135.35,73409230.0,1655856000
AAPL,135.87,81000490.0,1655769600
AAPL,131.56,134520300.0,1655424000
AAPL,130.06,107961500.0,1655337600
AAPL,135.43,91532970.0,1655251200
AAPL,132.76,84784330.0,1655164800
AAPL,131.88,122207100.0,1655078400
AAPL,137.13,91566640.0,1654819200
AAPL,142.64,69472980.0,1654732800
AAPL,147.96,53950200.0,1654646400
AAPL,148.71,67808150.0,1654560000
AAPL,146.14,71598380.0,1654473600
AAPL,145.38,88570290.0,1654214400
AAPL,151.21,72348060.0,1654128000
AAPL,148.71,74286640.0,1654041600
AAPL,148.84,103718400.0,1653955200
AAPL,149.64,90978500.0,1653609600
AAPL,143.78,90601550.0,1653523200
AAPL,140.52,92482700.0,1653436800
AAPL,140.36,104132700.0,1653350400
AAPL,143.11,117726300.0,1653264000
AAPL,137.59,137426100.0,1653004800
AAPL,137.35,136095600.0,1652918400
AAPL,140.82,109742900.0,1652832000
AAPL,149.24,78336250.0,1652745600
AAPL,145.54,86643780.0,1652659200
AAPL,147.11,113990900.0,1652400000
AAPL,142.56,182602000.0,1652313600
AAPL,146.50,142689800.0,1652227200
AAPL,154.51,115366700.0,1652140800
AAPL,152.06,131577900.0,1652054400
AAPL,157.28,116124600.0,1651795200
AAPL,156.77,130525300.0,1651708800
AAPL,166.02,108256500.0,1651622400
AAPL,159.48,88966530.0,1651536000
AAPL,157.96,123055300.0,1651449600
AAPL,157.65,131747600.0,1651190400
AAPL,163.64,130216800.0,1651104000
AAPL,156.57,88063190.0,1651017600
AAPL,156.80,95623240.0,1650931200
AAPL,162.88,96046380.0,1650844800
AAPL,161.79,84882420.0,1650585600
AAPL,166.42,87227770.0,1650499200
AAPL,167.23,67929810.0,1650412800
AAPL,167.40,67723830.0,1650326400
AAPL,165.07,69023940.0,1650240000
AAPL,165.29,75329380.0,1649894400
AAPL,170.40,70618930.0,1649808000
AAPL,167.66,79265180.0,1649721600
AAPL,165.75,72246710.0,1649635200
AAPL,170.09,76575510.0,1649376000
AAPL,172.14,77594650.0,1649289600
AAPL,171.83,89058780.0,1649203200
AAPL,175.06,73401790.0,1649116800
AAPL,178.44,76545980.0,1649030400
AAPL,174.31,78751330.0,1648771200
AAPL,174.61,103049300.0,1648684800
AAPL,177.77,92633150.0,1648598400
AAPL,178.96,100589400.0,1648512000
AAPL,175.60,90371920.0,1648425600
AAPL,174.72,80546160.0,1648166400
AAPL,174.07,90131420.0,1648080000
AAPL,170.21,98062670.0,1647993600
AAPL,168.82,81532010.0,1647907200
AAPL,165.38,95811350.0,1647820800
AAPL,163.98,123511700.0,1647561600
AAPL,160.62,75615380.0,1647475200
AAPL,159.59,102300200.0,1647388800
AAPL,155.09,92964300.0,1647302400
AAPL,150.62,108732100.0,1647216000
AAPL,154.73,96970100.0,1646956800
AAPL,158.52,105342000.0,1646870400
AAPL,162.95,91454910.0,1646784000
AAPL,157.44,131148300.0,1646697600
AAPL,159.30,96418850.0,1646611200
AAPL,163.17,83819590.0,1646352000
AAPL,166.23,76678440.0,1646265600
AAPL,166.56,79724750.0,1646179200
AAPL,163.20,83474430.0,1646092800
AAPL,165.12,95056630.0,1646006400
AAPL,164.85,91974220.0,1645747200
AAPL,162.74,141147500.0,1645660800
AAPL,160.07,90009250.0,1645574400
AAPL,164.32,91162760.0,1645488000
AAPL,167.30,82772670.0,1645142400
AAPL,168.88,69589340.0,1645056000
AAPL,172.55,61177400.0,1644969600
AAPL,172.79,64286320.0,1644883200
AAPL,168.88,86185530.0,1644796800
AAPL,168.64,98670690.0,1644537600
AAPL,172.12,90865900.0,1644451200
AAPL,176.28,71285040.0,1644364800
AAPL,174.83,74829220.0,1644278400
AAPL,171.66,77251200.0,1644192000
AAPL,172.39,82465400.0,1643932800
AAPL,172.90,89418070.0,1643846400
AAPL,175.84,84914260.0,1643760000
AAPL,174.61,86213910.0,1643673600
AAPL,174.78,115541600.0,1643587200
AAPL,170.33,179935700.0,1643328000
AAPL,159.22,121954600.0,1643241600
AAPL,159.69,108275300.0,1643155200
AAPL,159.78,115798400.0,1643068800
AAPL,161.62,162706700.0,1642982400
AAPL,162.41,122848900.0,1642723200
AAPL,164.51,91420520.0,1642636800
AAPL,166.23,94814990.0,1642550400
AAPL,169.80,91168730.0,1642464000
AAPL,173.07,80440780.0,1642118400
AAPL,172.19,84505760.0,1642032000
AAPL,175.53,74805170.0,1641945600
AAPL,175.08,76138310.0,1641859200
AAPL,172.19,106765600.0,1641772800
AAPL,172.17,86709150.0,1641513600
AAPL,172.00,96903960.0,1641427200
AAPL,174.92,94537600.0,1641340800
AAPL,179.70,99310440.0,1641254400
AAPL,182.01,104701200.0,1641168000
AAPL,177.57,64062260.0,1640908800
AAPL,178.20,59773010.0,1640822400
AAPL,179.38,62348930.0,1640736000
AAPL,179.29,79144340.0,1640649600
AAPL,180.33,74919580.0,1640563200
AAPL,176.28,68356570.0,1640217600
AAPL,175.64,92135300.0,1640131200
AAPL,172.99,91185910.0,1640044800
AAPL,169.75,107499100.0,1639958400
AAPL,171.14,195923400.0,1639699200
AAPL,172.26,150185800.0,1639612800
AAPL,179.30,131063300.0,1639526400
AAPL,174.33,139380400.0,1639440000
AAPL,175.74,153237000.0,1639353600
AAPL,179.45,115402700.0,1639094400
AAPL,174.56,108923700.0,1639008000
AAPL,175.08,116998900.0,1638921600
AAPL,171.18,120405400.0,1638835200
AAPL,165.32,107497000.0,1638748800
AAPL,161.84,118023100.0,1638489600
AAPL,163.76,136739200.0,1638403200
AAPL,164.77,152423000.0,1638316800
AAPL,165.30,174048100.0,1638230400
AAPL,160.24,88748220.0,1638144000
AAPL,156.81,76959750.0,1637884800
AAPL,161.94,69463620.0,1637712000
AAPL,161.41,96041900.0,1637625600
AAPL,161.02,117467900.0,1637539200
AAPL,160.55,117305600.0,1637280000
AAPL,157.87,137827700.0,1637193600
AAPL,153.49,88807000.0,1637107200
AAPL,151.00,59256210.0,1637020800
AAPL,150.00,59222800.0,1636934400
AAPL,149.99,63804010.0,1636675200
AAPL,147.87,40999950.0,1636588800
AAPL,147.92,65187090.0,1636502400
AAPL,150.81,56787930.0,1636416000
AAPL,150.44,55020870.0,1636329600
AAPL,151.28,65463880.0,1636070400
AAPL,150.96,60394620.0,1635984000
AAPL,151.49,54511530.0,1635897600
AAPL,150.02,69121990.0,1635811200
AAPL,148.96,74588260.0,1635724800
AAPL,149.80,124953200.0,1635465600
AAPL,152.57,100077900.0,1635379200
AAPL,148.85,56094930.0,1635292800
AAPL,149.32,60893400.0,1635206400
AAPL,148.64,50720560.0,1635120000
AAPL,148.69,58883440.0,1634860800
AAPL,149.48,61420990.0,1634774400
AAPL,149.26,58418790.0,1634688000
AAPL,148.76,76378890.0,1634601600
AAPL,146.55,85589180.0,1634515200
AAPL,144.84,67940330.0,1634256000
AAPL,143.76,69907100.0,1634169600
AAPL,140.91,78762720.0,1634083200
AAPL,141.51,73035860.0,1633996800
AAPL,142.81,64452220.0,1633910400
AAPL,142.90,58773160.0,1633651200
AAPL,143.29,61732660.0,1633564800
AAPL,142.00,83221120.0,1633478400
AAPL,141.11,80861060.0,1633392000
AAPL,139.14,98322010.0,1633305600
AAPL,142.65,94639580.0,1633046400
AAPL,141.50,89056660.0,1632960000
AAPL,142.83,74602040.0,1632873600
AAPL,141.91,108972300.0,1632787200
AAPL,145.37,74150730.0,1632700800
AAPL,146.92,53477870.0,1632441600
AAPL,146.83,64838170.0,1632355200
AAPL,145.85,76404340.0,1632268800
AAPL,143.43,75833960.0,1632182400
AAPL,142.94,123478900.0,1632096000
AAPL,146.06,129868800.0,1631836800
AAPL,148.79,68034150.0,1631750400
AAPL,149.03,83281320.0,1631664000
AAPL,148.12,109296300.0,1631577600
AAPL,149.55,102404300.0,1631491200
AAPL,148.97,140893200.0,1631232000
AAPL,154.07,57305730.0,1631145600
AAPL,155.11,74420210.0,1631059200
AAPL,156.69,82278260.0,1630972800
AAPL,154.30,57866070.0,1630627200
AAPL,153.65,71171320.0,1630540800
AAPL,152.51,80313710.0,1630454400
AAPL,151.83,86453120.0,1630368000
AAPL,153.12,90956720.0,1630281600
AAPL,148.60,55802390.0,1630022400
AAPL,147.54,48597200.0,1629936000
AAPL,148.36,58991300.0,1629849600
AAPL,149.62,48606430.0,1629763200
AAPL,149.71,60131810.0,1629676800
AAPL,148.19,60549630.0,1629417600
AAPL,146.70,86960310.0,1629331200
AAPL,146.36,86325990.0,1629244800
AAPL,150.19,92229740.0,1629158400
AAPL,151.12,103558800.0,1629072000
AAPL,149.10,59375010.0,1628812800
AAPL,148.89,73779110.0,1628726400
AAPL,145.86,48493460.0,1628640000
AAPL,145.60,69023080.0,1628553600
AAPL,146.09,48908690.0,1628467200
AAPL,146.14,54126810.0,1628208000
AAPL,147.06,46397670.0,1628121600
AAPL,146.95,56368270.0,1628035200
AAPL,147.36,64786620.0,1627948800
AAPL,145.52,62879960.0,1627862400
AAPL,145.86,70440630.0,1627603200
AAPL,145.64,56699480.0,1627516800
AAPL,144.98,118931200.0,1627430400
AAPL,146.77,104818600.0,1627344000
AAPL,148.99,72434090.0,1627257600
AAPL,148.56,71447420.0,1626998400
AAPL,146.80,77338160.0,1626912000
AAPL,145.40,74993460.0,1626825600
AAPL,146.15,96350040.0,1626739200
AAPL,142.45,121434600.0,1626652800
AAPL,146.39,93251430.0,1626393600
AAPL,148.48,106820300.0,1626307200
AAPL,149.15,127050800.0,1626220800
AAPL,145.64,100827100.0,1626134400
AAPL,144.50,76299720.0,1626048000
AAPL,145.11,99890800.0,1625788800
AAPL,143.24,105575500.0,1625702400
AAPL,144.57,104911600.0,1625616000
AAPL,142.02,108181800.0,1625529600
AAPL,139.96,78945570.0,1625184000
AAPL,137.27,52485780.0,1625097600
AAPL,136.96,63261390.0,1625011200
AAPL,136.33,64556080.0,1624924800
AAPL,134.78,62111300.0,1624838400
AAPL,133.11,70783750.0,1624579200
AAPL,133.41,68711000.0,1624492800
AAPL,133.70,60214200.0,1624406400
AAPL,133.98,74783620.0,1624320000
AAPL,132.30,79663320.0,1624233600
AAPL,130.46,108953300.0,1623974400
AAPL,131.79,96721670.0,1623888000
AAPL,130.15,91815030.0,1623801600
AAPL,129.64,62746330.0,1623715200
AAPL,130.48,96906490.0,1623628800
AAPL,127.35,53522370.0,1623369600
AAPL,126.11,71186420.0,1623283200
AAPL,127.13,56877940.0,1623196800
AAPL,126.74,74403770.0,1623110400
AAPL,125.90,71057550.0,1623024000
AAPL,125.89,75169340.0,1622764800
AAPL,123.54,76229170.0,1622678400
AAPL,125.06,59278860.0,1622592000
AAPL,124.28,67637120.0,1622505600
